original_file,rust_file,status,notes
diamond/src/data/index.cpp,src/data/index.rs,parity-tested,makeindex -> make_index; default test database produces byte-identical seed_idx
diamond/src/masking/lambda.cpp,src/masking/lambda.rs,parity-tested,LambdaCalculator and all helpers translated; deterministic mt19937_64 bracketing retained
diamond/src/util/parallel/multiprocessing.cpp,src/util/parallel/multiprocessing.rs,translated,all seven cpp functions plus header serialization templates translated and tested
diamond/src/util/algo/greedy_vertex_cover.cpp,src/util/algo/greedy_vertex_cover.rs,translated,all overloads and u32/u64 instantiations covered; old util::algo paths re-exported
diamond/src/output/daa/daa_write.cpp,src/output/daa/daa_write.rs,translated,all overloads mapped to typed snake_case wrappers; canonical data::daa encoders reused
diamond/src/basic/basic.cpp,src/basic/basic.rs + established src/basic modules,translated,exact mirrored compatibility surface; all ten functions globals/constants and header-inline behavior audited; mutable align-mode/shape state made explicit; CCC recursive missing 0 with Statistics::print delegating to full report formatter
diamond/src/basic/value.cpp,src/basic/value.rs,translated,both constructors and all value.h scalar inline constants aliases tables and value semantics audited; mutable trait globals remain explicit arguments; copy construction and debug sentinel validation restored; CCC zero missing/partial
diamond/src/masking/tantan.cpp,src/masking/tantan.rs,translated,all functions and mask modes translated; scalar and AVX2 recurrence paths tested
diamond/src/stats/stats.cpp,src/stats/mod.rs + src/stats/standard_matrix.rs + src/stats/matrices.rs,translated,globals represented by constants/configuration; matrix lookup/constants and approx_id audited
diamond/src/output/blast_pairwise_format.cpp,src/output/blast_pairwise_format.rs + src/output/pairwise.rs,translated,all methods audited; BLASTN reverse coordinates fixed and exact snapshots added
diamond/src/output/daa/daa_record.cpp,src/output/daa/daa_record.rs + src/data/daa.rs,translated,canonical decoder audited; query OID frame safety translation and packed raw-copy parity tested
diamond/src/util/parallel/filestack.cpp,src/util/parallel/filestack.rs,translated,all overloads and compound operations audited; OS locking and empty-record semantics restored
diamond/src/data/taxonomy_nodes.cpp,src/data/taxonomy_nodes.rs,translated,Rank and TaxonomyNodes moved to mirrored module with compatibility re-exports
diamond/src/dp/score_profile.cpp,src/dp/score_profile.rs,translated,all overloads mapped; AVX2 saturating versus scalar wrapping arithmetic parity restored
diamond/src/data/taxonomy.cpp,src/data/taxonomy.rs + src/data/taxonomy_nodes.rs,translated,rank lookup and taxonomy name loading audited; process globals made explicit
diamond/src/data/block/block_wrapper.cpp,src/data/block/block_wrapper.rs + src/data/block.rs,translated,all methods live in exact mirrored file and are audited; empty destructor maps to Rust ownership
diamond/src/align/global_ranking/table.cpp,src/align/global_ranking/table.rs,translated,update_table implemented with explicit configuration and parallel ranking merge tests
diamond/src/align/global_ranking/global_ranking.cpp,src/align/global_ranking/global_ranking.rs + src/align/global_ranking.rs,translated,all six functions and QueryList/Hit header surface moved to exact mirror with facade re-exports; anchored clipping target perimeter native records checked payload sizes and EOF/truncation audited; CCC zero missing/partial
diamond/src/stats/cbs.cpp,src/stats/cbs.rs,translated,TargetMatrix adjustment constructor implemented and packing/transposition parity fixed
diamond/src/output/output_format.cpp,src/output/output_format.rs + src/output/format.rs + src/output/intermediate.rs + src/output/edge.rs,translated,CCC per-file zero missing/partial; title escaping and top-percent/intermediate parity fixed
diamond/src/output/paf_format.cpp,src/output/paf_format.rs + src/output/paf.rs,translated,CCC zero missing/partial; blastn mapping quality and anchor tag restored with byte-exact tests
diamond/src/output/taxon_format.cpp,src/output/taxon_format.rs + src/output/taxon.rs,translated,constructor/match/lineage audited; missing-parent LCA parity fixed with exact output tests
diamond/src/output/sam_format.cpp,src/output/sam_format.rs + src/output/sam.rs,translated,CCC zero missing/partial; unsigned arithmetic parity and byte-exact output tested
diamond/src/data/dmnd/dmnd.cpp,src/data/dmnd/dmnd.rs,translated,DatabaseFile sequence partition taxonomy and dynamic-header behavior implemented with exact binary tests
diamond/src/data/sequence_file.cpp,src/data/sequence_file.rs,translated,shared format/accession/dictionary/partition/taxonomy behavior audited with explicit configuration
diamond/src/output/xml_format.cpp,src/output/xml_format.rs + src/output/xml.rs,translated,CCC zero missing/partial; shared accession stats restored and byte-exact XML lifecycle tested
diamond/src/output/daa/view.cpp,src/output/daa/view.rs,translated,all formats orchestrated; partial-final-batch EOF and aligned-record semantics fixed
diamond/src/output/join_blocks.cpp,src/output/join_blocks.rs,translated,join query/worker/orchestration completed with deterministic ordering and binary integration tests
diamond/src/output/daa/merge.cpp,src/output/daa/merge.rs,translated,CCC zero missing/partial; target dedup raw OID remap and query append tested
diamond/src/data/fasta/fasta_file.cpp,src/data/fasta/fasta_file.rs,translated,stateful FASTA/FASTQ/gzip/index/random-access/paired-file behavior implemented and tested
diamond/src/output/output_sink.cpp,src/output/output_sink.rs,translated,OutputWriter defaults and ReorderQueue heartbeat/output ordering audited with exact byte tests
diamond/src/output/blast_tab_format.cpp,src/output/blast_tab_format.rs + src/output/format.rs,translated,tabular/JSON/taxonomy/quality output audited with byte-exact tests and explicit config
diamond/src/output/target_culling.cpp,src/output/target_culling.rs,translated,virtual overloads unified with explicit config; priority and boundary semantics tested
diamond/src/data/seed_histogram.cpp,src/data/seed_histogram.rs,translated,explicit build config added; partition/count/wrapping parity verified
diamond/src/data/taxon_list.cpp,src/data/taxon_list.rs,translated,sorted accession join tokenizer and exact dense varuint32 serialization corrected
diamond/src/stats/blast/matrix_adjust.cpp,src/stats/blast/matrix_adjust.rs,translated,all conceptual symbols mapped; floating-point accumulation order corrected and numerically tested
diamond/src/util/sequence/sequence.cpp,src/util/sequence.rs,translated,title/accession/translation/ORF behavior audited; genetic code made explicit
diamond/src/util/system/system.cpp,src/util/system/system.rs,translated,exact mirrored module with facade re-export; CCC zero missing/partial; platform path/console/UTF/filesystem/mmap behavior audited
diamond/src/util/command_line_parser.cpp,src/util/command_line_parser.rs,translated,C-style conversions descriptor metadata help/docs and parse errors audited
diamond/src/data/seed_set.cpp,src/data/seed_set.rs,translated,constructors callbacks and seed-index ownership mapping audited; focused tests 8/8
diamond/src/data/frequent_seeds.cpp,src/data/frequent_seeds.rs,translated,parallel statistics/filtering and race-free masking audited with one/two-thread parity
diamond/src/util/simd.cpp,src/util/simd.rs,translated,CPU feature detection and architecture caching audited; transpose header helpers tested
diamond/src/util/string/string.cpp,src/util/string.rs,translated,numeric/tokenizer/CSV/UTF-8/join/format behavior audited; overloads mapped generically
diamond/src/util/parallel/parallelizer.cpp,src/util/parallel/parallelizer.rs,translated,mirrored module with compatibility re-export; barrier polling and lifecycle audited
diamond/src/data/sequence_set.cpp,src/data/sequence_set.rs,translated,C++ sequence methods and inherited StringSetBase storage audited; 256-byte perimeter and explicit query context configuration restored
diamond/src/util/io/compressed_buffer.cpp,src/util/io/compressed_buffer.rs,translated,mirrored module with compatibility re-export; zlib lifecycle native primitive writes and buffer growth tested
diamond/src/util/io/deserializer.cpp,src/util/io/deserializer.rs,translated,mirrored module with compatibility re-export; endian scalar reads lookahead record boundaries peek and partial reads audited
diamond/src/data/queries.cpp,src/data/queries.rs,translated,aligned and unaligned query output audited; process globals and alignment mode made explicit with exact FASTA FASTQ tests
diamond/src/data/seed_array.cpp,src/data/seed_array.rs,translated,two-pass sequence-partition histogram routing corrected; seed encodings buffers iterators and entry layout audited
diamond/src/util/io/serializer.cpp,src/util/io/serializer.rs,translated,mirrored module with compatibility re-export; portable integer encoding and exact pending-buffer lifecycle audited
diamond/src/chaining/hamming_ext.cpp,src/chaining/hamming_ext.rs,translated,all 3 functions audited; explicit config preserves identity/coverage/E-value filters stable score ordering checked tolerance casts and sentinel behavior
diamond/src/align/gapped_filter.cpp,src/align/gapped_filter.rs,translated,all four functions and SeedHit header surface audited; worker-backed parallel execution explicit thread config statistics merging CBS validation strict cutoffs and diagonal/window bounds tested; mapped CCC zero missing/partial
diamond/src/align/gapped_final.cpp,src/align/gapped_final.rs + src/align/target.rs,translated,all four functions moved to exact mirror with target compatibility re-exports; filter-value planning checked context validation staged DP copy-all and matrix move ownership audited; CCC zero missing/partial
diamond/src/dp/scalar/smith_waterman.cpp,src/dp/scalar/smith_waterman.rs + src/dp/smith_waterman.rs,translated,mirrored scalar facade and HSP entry point; mask handling affine sentinels and traceback parity corrected
diamond/src/util/io/file.cpp,src/util/io/file.rs,translated,mirrored module with compatibility re-exports; ownership temporary lifecycle raw and primitive file I/O audited
diamond/src/dp/ungapped_align.cpp,src/dp/ungapped_align.rs + src/dp/ungapped.rs,translated,all overloads audited; float CBS path and mask-aware scoring identity and anchor behavior restored
diamond/src/util/io/file_source.cpp,src/util/io/file_source.rs,translated,mirrored module with compatibility re-export; fread EOF seek and close semantics corrected
diamond/src/chaining/backtrace.cpp,src/chaining/backtrace.rs,translated,mirrored module with compatibility re-exports; full HSP transcripts iterative overload split chains and masked letters restored
diamond/src/chaining/smith_waterman.cpp,src/chaining/smith_waterman.rs,translated,mirrored diagnostic alignment module; exact gap scoring coordinates formatting and masked-letter parity tested
diamond/src/util/io/file_sink.cpp,src/util/io/file_sink.rs,translated,mirrored module with compatibility re-export; descriptor ownership stdout close seekability and async errors audited
diamond/src/dp/scan_diags.cpp,src/dp/scan_diags.rs,translated,runtime architecture arithmetic mirrors biased signed-byte saturation; bounds mask normalization and fixed widths audited
diamond/src/util/system/getRSS.cpp,src/util/system/get_rss.rs,translated,mirrored platform RSS helpers with snake_case re-exports; Linux parsing byte units and peak/current calls tested
diamond/src/util/search/seed_table.cpp,src/util/search/seed_table.rs,translated,mirrored module with compatibility re-export; intentionally skeletal upstream neighbor and constructor semantics preserved
diamond/src/util/tsv/record.cpp,src/util/tsv/record.rs,translated,mirrored module with compatibility re-exports; native binary layout iterator operators typed access and exact text output audited
diamond/src/data/blastdb/psq.cpp,src/data/blastdb/psq.rs + src/data/blastdb/volume.rs,translated,protein sentinel/code decoding and BlastVolume sequence raw-span and indexed-length behavior audited
diamond/src/util/io/temp_file.cpp,src/util/io/temp_file.rs + src/util/io/file.rs,translated,mirrored module with compatibility re-exports; creation unlink handler and descriptor ownership lifecycle audited
diamond/src/util/tsv/tsv.cpp,src/util/tsv/tsv.rs,translated,mirrored binary line counter; compressed and non-UTF-8 input plus unterminated final-line semantics audited
diamond/src/data/blastdb/pal.cpp,src/data/blastdb/pal.rs + src/data/blastdb/volume.rs,translated,mirrored PAL parser with compatibility re-export; recursion metadata paths whitespace errors and volume boundaries audited
diamond/src/util/io/output_file.cpp,src/util/io/output_file.rs + src/util/io.rs,translated,mirrored streaming compressor construction and file decompression adapter; write-only gzip/zstd ownership removal and advise semantics audited; Rust honors TempFileData compressor cross-platform while upstream Unix ignores that otherwise-unused argument
diamond/src/util/tsv/table.cpp,src/util/tsv/table.rs + src/util/tsv.rs,translated,mirrored table implementation; native layout limits ordering record IDs shuffle and partial-record errors audited; Rust moves and explicit overload names map C++ move/overload surface
diamond/src/data/blastdb/pin.cpp,src/data/blastdb/pin.rs + src/data/blastdb/volume.rs,translated,exact six-function mirror with PinIndex compatibility re-export; v4/v5 index parsing accession filtering raw chunks decoding and rewind audited
diamond/src/util/io/zstd_stream.cpp,src/util/io/zstd_stream.rs + src/util/io.rs,translated,mirrored low-level incremental zstd sink/source and whole-file adapter; finalization concatenated frames lazy EOF rewind truncation and no-progress behavior audited
diamond/src/util/tsv/join.cpp,src/util/tsv/join.rs + src/util/tsv.rs,translated,mirrored schema and two join overloads; projection duplicate pairing ordering empty/error and exact output audited; Rust intentionally uses file2 rather than upstream wrapper's apparent file1/file1 typo
diamond/src/data/blastdb/phr.cpp,src/data/blastdb/phr.rs + src/data/blastdb/volume.rs,translated,mirrored ten-function defline and SeqId behavior with compatibility re-exports; ASN.1 flags formatting offsets malformed input and OID bounds audited; decode_seqid overload maps to decode_seqid_into; Rust retains established SeqId type population omitted by upstream
diamond/src/util/tsv/merge.cpp,src/util/tsv/merge.rs + src/util/tsv.rs,translated,mirrored heap merge with compatibility merge_files alias; first schema empty files all-empty behavior key/input-index ordering exact output and error adaptations audited
diamond/src/util/util.cpp,src/util/util.rs + src/util/misc.rs + src/util/log_stream.rs + src/util/escape_sequences.rs + src/util/profiler.rs,translated,mirrored facade over established utility modules; stream defaults direct stderr error reporting profiling zero-count and all concrete utility functions audited; stream insertion maps to write/endl ownership API
diamond/src/data/blastdb/asn1.cpp,src/data/blastdb/asn1.rs,translated,all thirteen functions and header types audited; tag and long-form length bounds overflow indefinite/EOC trees OID values and printing tested
diamond/src/util/io/compressed_stream.cpp,src/util/io/compressed_stream.rs + src/util/io.rs + Cargo.toml,translated,mirrored incremental gzip/zlib source sink and whole-file adapter using pure-Rust zlib-rs backend; concatenated members framing truncation capacity rewind finalization and ownership audited
diamond/src/util/tsv/file.cpp,src/util/tsv/file.rs + src/util/tsv.rs,translated,mirrored file surface with compatibility re-exports; flags schemas byte size CRLF bounded whole-record reads typed/raw writes seek close map and sort audited; eager in-memory ownership and snapshot raw callbacks retained
diamond/src/util/tsv/read_text_mt.cpp,src/util/tsv/read_text_mt.rs + src/util/tsv/file.rs + src/util/tsv.rs,translated,exact 1 MiB chunk and record-boundary semantics with compatibility re-export; borrowed snapshot and deterministic synchronous FnMut callback are documented Rust adaptations
diamond/src/util/io/output_stream_buffer.cpp,src/util/io/output_stream_buffer.rs + src/util/io.rs,translated,all six functions mirrored with compatibility re-exports; buffer sizing boundary chunking flush validation error retention seek delegation ownership and inherited nonseekable state audited
diamond/src/chaining/greedy_align.cpp,src/chaining/greedy_align.rs + src/chaining.rs,translated,mirrored full greedy chaining implementation and aligner/diag-graph header surface with compatibility re-export; graph diagnostics links forward pass configurable pruning/node caps merges and stub target overload audited; constructor/run overloads map to default/new/run_with_config
diamond/src/util/io/text_input_file.cpp,src/util/io/text_input_file.rs + src/util/io.rs,translated,mirrored module with compatibility re-export; all three constructors default/custom separators CR trimming EOF boundaries rewind putback replay size_t wrapping and inline bool conversion audited; header-only putback(char) declaration has no upstream definition or call sites
diamond/src/data/blastdb/blastdb.cpp,src/data/blastdb/blastdb.rs + src/data/blastdb/db.rs + src/data/blastdb/mod.rs,translated,all 46 functions and header accessors audited; SQLite taxonomy early mapping dictionary lifecycle random access multi-volume traversal and multiprocessing configuration covered
diamond/src/util/io/input_stream_buffer.cpp,src/util/io/input_stream_buffer.rs + src/util/io.rs,translated,all eight functions and header range/file surface audited; exact predecessor tell semantics double-buffer prefetch deferred errors seek rewind close and compatibility APIs covered
diamond/src/cluster/external/external.cpp,src/cluster/external/external.rs + src/cluster/external/mod.rs + src/cluster/mod.rs,translated,all 16 upstream functions audited: packed chunk records HLL sizing native pair batches atomic worker/bucket/chunk/finish/output lifecycle manifest cleanup FASTA materialization coverage mutation multi-round orchestration and explicit seed/radix/pair/alignment adapters; 8 focused tests green; CCC reports 0 partial/stubs and only constructor/destructor/operator/overloaded-log structural name differences
diamond/src/cluster/cascaded/helpers.cpp,src/cluster/cascaded/helpers.rs + src/cluster/cascaded/mod.rs + src/cluster/mod.rs,translated,exact round policy and CCD parsing with explicit config; header edge callbacks and native record layout tested; CCC zero missing/partial
diamond/src/cluster/cluster_registry.cpp,src/cluster/cluster_registry.rs + src/cluster/mod.rs,translated,static OnceLock registry and complete header-inline map ownership lookup key ordering replacement and errors audited; CCC zero missing/partial
diamond/src/data/block/block.cpp,src/data/block/block.rs + src/data/block.rs,translated,all 22 functions plus header accessors audited in exact mirror; six-frame translated views dictionary insertion soft-mask lifecycle configurable ORF threshold sorting and complete memory accounting covered; threaded self-score loop maps to ownership-safe deterministic iteration
diamond/src/search/kmer_ranking.cpp,src/search/kmer_ranking.rs,translated,all three constructor overloads and inline highest_ranking audited; packed nine-byte DoubleArray traversal deleted-bucket skipping sqrt contributions strict tie behavior and unsupported PackedLoc overload covered; atomic worker accumulation maps to deterministic sequential ownership
diamond/src/align/full_db.cpp,src/align/full_db.rs + src/align/target.rs + src/align/mod.rs + src/dp/swipe.rs,translated,exact mirrored full-matrix alignment entry point with compatibility re-export; query contexts CBS maximum target length reverse frame-splice ordering grouping metadata and shared SWIPE task extension DP-cell and timing Statistics propagation covered
diamond/src/search/seed_complexity.cpp,src/search/seed_complexity.rs,translated,all three functions templates and file-scope set audited; reduced and unreduced entropy invalid letters stats masking packed five/nine-byte DoubleArray erasure and encoding bypass covered; worker atomics map to deterministic ownership and log ratios map to returned stats
diamond/src/align/output.cpp,src/align/output.rs,translated,both output functions audited through explicit target/printer adapters; DAA intermediate and text framing dictionary/title/sequence/self-score contexts statistics empty/error paths and distinct format/global unaligned gates covered
diamond/src/align/ungapped.cpp,src/align/ungapped.rs,translated,all WorkTarget stage and worker control flow mirrored with explicit config; full translated chaining Hauser diagonal-filter mutual-cover and configurable greedy chaining covered; exact standard-matrix joint probabilities background frequencies frequency ratios scaled matrix adjustment and Statistics propagation replace the former Hauser-global approximation
diamond/src/util/io/input_file.cpp,src/util/io/input_file.rs + src/util/io.rs + src/util/io/compressed_stream.rs + src/util/io/zstd_stream.rs,translated,mirrored streaming input construction with compatibility re-export; magic detection three constructors peek preservation gzip/zlib/zstd layering rewind deletion chained 4096-byte hash flags metadata and inherited file delegation audited; TempFileData constructor retained as Rust extension
diamond/src/cluster/realign.cpp,src/cluster/realign.rs + src/cluster/mod.rs,translated,exact workflow mirror with explicit configuration and backend adapter for cluster/output.cpp overloads; default format field gating simple header database flags lazy titles DB-size/E-value mutation callback ordering cleanup and errors audited; CCC zero missing/partial
diamond/src/cluster/external/pair_table.cpp,src/cluster/external/pair_table.rs + src/cluster/external/mod.rs,translated,exact pair-table builder and build_pair_table.h inline surface; packed seed/pair records seed ordering uni/mutual coverage grouping hash radix routing compressed volumes manifests cleanup and errors audited; deterministic local scheduling maps upstream thread-pool and atomic queue coordination; CCC zero missing/partial
diamond/src/cluster/external/seed_table.cpp,src/cluster/external/seed_table.rs + src/cluster/external/mod.rs,translated,exact seed-table workflow with explicit sequence and masking adapters; volume/OID/accession semantics masking reduction sketch complexity filtering native packed records hash radix routing compressed manifests statistics and errors audited; deterministic local scheduling maps upstream thread-pool and atomic queue coordination; CCC zero missing/partial
diamond/src/search/hamming/stage1_2.cpp,src/search/hamming/stage1_2.rs + src/search/hamming.rs,translated,both dispatch and run_stage1 overloads plus keep_target_id mirrored with systematic packed_loc/packed_loc_id suffixes; explicit WorkSet callback adapter executes real kernels joined-group ordering SEEDS_HIT/SEED_HITS accounting config precedence and ranking dependency; SIMD dispatch maps to architecture-neutral Rust kernels
diamond/src/dp/ungapped_simd.cpp,src/dp/ungapped_simd.rs + src/dp/simd_ungapped.rs + src/dp/mod.rs,translated,both public functions and header declarations mirrored with compatibility facade; architecture-neutral signed saturating i8 lane semantics masking local reset 255 saturation scalar small-batch dispatch output boundaries and safe pointer preconditions audited; SIMD transpose maps to independent deterministic lanes
diamond/src/run/config.cpp,src/run/config.rs + src/run/mod.rs + src/lib.rs,translated,Search Config constructor free destructor and run/config.h Round comparison and iterated inline surface mirrored; mutable globals replaced by explicit snake_case input and output initializer callback; iteration ordering messages compatibility validation masking BLASTN gap defaults min-length ratio target limit mutation and error ordering audited
diamond/src/cluster/multinode/output.cpp,src/cluster/multinode/output.rs + src/cluster/multinode/mod.rs + src/cluster/mod.rs,translated,all six functions mirrored with explicit Job and output configuration adapters; sparse NIL mappings multi-round chaining signed OID output byte-preserving accessions volume ranges ordering cluster counts logging and exact open errors audited; CCC zero missing/partial
diamond/src/cluster/reassign.cpp,src/cluster/reassign.rs + src/cluster/mod.rs,translated,exact reassignment workflow mirrored with explicit configuration and backend adapter; threshold defaults database flags centroid/member partition sub-database ordering statistics reset search mutations native edge mapback coverage sensitivity lazy titles output cleanup and checked NIL/index errors audited; CCC zero missing/partial
diamond/src/cluster/multinode/data.cpp,src/cluster/multinode/data.rs + src/cluster/multinode/mod.rs,translated,get_reps mirrored with explicit thread Job and SequenceSource adapters while reusing shared Volume; last-round short circuit distributed file-backed queue and completion barrier concurrent error stop OID selection round-aware atoll IDs amino-acid FASTA bytes manifest metadata counters and logging audited; CCC zero missing/partial
diamond/src/align/alt_hsp.cpp,src/align/alt_hsp.rs + src/align/target.rs + src/align/mod.rs + src/dp/swipe.rs,translated,both recompute overloads and all ActiveTarget ownership masking culling CBS matrix repeat-round output and shared SWIPE Statistics propagation covered with target compatibility re-export; CCC constructor/overload lexical misses map systematically to new copy_active recompute_alt_hsps_round and recompute_alt_hsps
diamond/src/stats/score_matrix.cpp,src/stats/score_matrix.rs + src/stats/matrix_data.rs + src/stats/mod.rs + translation/generate_matrix_statistics.py,translated,both named/scaled and custom constructors all score-width layouts row pointers display ALP parameters score conversions cutoffs background scores and reporting behavior audited; all eight exact upstream joint-probability background-frequency and frequency-ratio tables are generated and checked in; CCC structural names map alp_params to inline area construction operator<< to Display constructors to new_scaled/from_custom Scores constructors to build helpers pointers to row slices and init_background_scores to constructor loops
diamond/src/align/gapped_score.cpp,src/align/gapped_score.rs + src/align/target.rs + src/dp/swipe.rs + src/dp/anchored.rs + src/align/mod.rs,translated,exact mirrored facade and compatibility implementation cover adaptive band and HSP narrowing Match assembly DP-target interval merging binning full/global flags anchored/scalar dispatch culling CBS counts and shared task score-width cell/timing Statistics; globals and thread pool map to explicit configuration and ownership-safe shared accumulator
diamond/src/cluster/output.cpp,src/cluster/output.rs + src/cluster/mod.rs + src/dp/swipe.rs,translated,all five functions mirrored through systematic Cfg::new realign_clusters and realign_mapping names; concrete centroid/member block selection full-matrix SWIPE CBS contexts lazy titles stable cross-block merge mapping conversion flags DB-size mutation callbacks and returned aggregate SWIPE Statistics audited; mutable SequenceFile ownership maps to an explicit database adapter; CCC constructor and overload misses are lexical only
diamond/src/cluster/cascaded/recluster.cpp,src/cluster/cascaded/recluster.rs + src/cluster/cascaded/mod.rs,translated,both public and recursive overloads mirrored with explicit configuration and database/search adapter; cluster grouping HSP callback coverage identity fallback value flags unaligned and unmapped subdatabases mapback recursive cascaded local-OID merge search mutations lazy titles cleanup and checked boundaries audited; CCC zero missing/partial
diamond/src/stats/hauser_correction.cpp,src/stats/hauser_correction.rs + src/stats/cbs.rs + src/stats/mod.rs,translated,VectorScores accumulation Hauser constructors three operator overloads reverse and hauser_global plus padding and header inline behavior mirrored; explicit score matrix and window replace globals while exact background-score statistics accessor drives local and global corrections; compatibility APIs reexported from cbs; CCC zero partial with symbolic C++ constructors/operators mapped manually to new add sub apply score_hsp and score_diagonal
diamond/src/search/stage0.cpp,src/search/stage0.rs,translated,all four functions and both search_shape template/dispatch layers audited; exact chunk ranges histogram and target-filter seed-array branches hash join frequent/complexity masking packed location dispatch ranking context patterns and stage1 traversal covered; process globals buffers timers thread pool writers and Statistics map to explicit config borrowed ownership deterministic callbacks and returned reports; CCC zero missing with one lexical overload false partial pairing the small seed-loc selector to search_shape
diamond/src/cluster/external/align.cpp,src/cluster/external/align.rs + src/cluster/external/mod.rs,translated,both align_rep and align workflows mirrored using shared full-matrix SWIPE and existing external records volume-reader job and radix-table adapters; native pair batches representative grouping identity coverage mutual/unidirectional edges canonical ordering alignment TSV statistics compressed edge buckets cleanup and errors covered; thread-local buffers work queue and cross-process completion map to deterministic ownership-safe chunk iteration; CCC zero missing/partial
diamond/src/dp/swipe/banded_3frame_swipe.cpp,src/dp/swipe/banded_3frame_swipe.rs + src/dp/banded_3frame.rs + src/dp/swipe.rs,translated,all matrix iterator traceback kernel target batching worker and public dispatch surfaces audited; architecture-neutral scalar recurrence preserves three-frame transitions affine gaps band limits stable target ordering score-only i16 overflow retry i32 fallback traceback letters ranges scaling E-values report cutoffs and forward/reverse strand selection; SIMD lanes thread pool and dispatch macros map to deterministic target iteration; CCC structural misses are lexical C++ constructors operator++ template overloads and traceback overloads mapping to new next traceback_3frame traceback_to_hsp and the exact-path facade
diamond/src/cluster/cascaded/cascaded.cpp,src/cluster/cascaded/cascaded.rs + src/cluster/cascaded/mod.rs,translated,get_description rep_bitset cluster update_clustering and cascaded mirrored with systematic snake_case names; explicit configuration and database/search callback adapter replace globals while real edge callbacks dense graph GVC and length-sorted algorithms round filtering weighted counts cutoff mutations output hooks validation and summaries preserve behavior; CCC zero missing/partial
diamond/src/align/culling.cpp,src/align/culling.rs + src/align/target.rs + src/align/mod.rs,translated,all thirteen functions including Target and Match methods and overloads mirrored; explicit thresholds score conversion and cluster predicate replace globals while HSP envelope culling context redistribution cached filters stable target ordering output ranges batch admission per-match block sequence/title filtering and compatibility delegates preserve behavior; default non-MCL build semantics audited and CCC zero missing/partial
diamond/src/basic/hssp.cpp,src/basic/hssp.rs + src/align/hsp.rs + src/basic/mod.rs,translated,all Hsp and HspContext operations mirrored with systematic snake_case overload names; added the previously missing IntermediateRecord constructor with explicit score matrix alignment mode and HspValues dependencies while preserving seed transcript and statistics modes translated coordinates bit scores parsing envelopes splice and coverage behavior; mirrored facade preserves hierarchy; 23 focused tests pass and CCC reports zero missing/partial
diamond/src/align/global_ranking/extend.cpp,src/align/global_ranking/extend.rs + src/align/global_ranking.rs,translated,all six functions mirrored with extend overloads and extend_query overloads systematically disambiguated by merged_query_list query_list and ranking_table suffixes; explicit backend replaces database masking output and statistics globals while target loading OID mapping skipped-query nulls worker scheduling ordered output aligned tracking iteration/random-access lifecycle cleanup and intermediate finalization preserve behavior; raw per-file CCC has three lexical overload misses and zero partial/stubs with db_filter and align_worker matched directly
diamond/src/cluster/external/output.cpp,src/cluster/external/output.rs + src/cluster/external/mod.rs,translated,all twelve functions and AccMapping fields mirrored; deterministic local radix passes replace thread pools and cross-process queues while native variable records compressed manifests round mapping composition OID/accession outputs stable cluster grouping padded filenames logging and multi-round cleanup preserve behavior; CCC has only three structural constructor/operator name misses and zero partial/stubs
diamond/src/dp/swipe/anchored_wrapper.cpp,src/dp/swipe/anchored_wrapper.rs + src/dp/swipe.rs + src/dp/anchored.rs,translated,all nine functions and both structs mirrored with compatibility reexports; scalar deterministic task execution preserves sixteen-lane batching thresholds task statistics band ordering target-index reconstruction coverage E-value adjusted-matrix recomputation and timing while target-specific CBS profiles now drive extension scores; CCC has two lexical Profiles constructor misses and zero partial/stubs
diamond/src/stats/blast/ncbi.cpp,src/stats/blast/ncbi.rs + src/stats/target_freq.rs + src/stats/blast/matrix_adjust.rs + src/stats/blast/mod.rs,translated,all thirteen numerical routines audited with ReNewtonSystemNew and ReNewtonSystemFree represented by ReNewtonSystem::new and Rust ownership cleanup; restored the C++ two-pass per-element accumulation order in multiply_by_a to preserve floating-point Newton-system behavior; seven focused target-frequency tests pass; CCC has only structural constructor and free-function lexical misses and zero partial/stubs
diamond/src/dp/swipe/swipe_wrapper.cpp,src/dp/swipe/swipe_wrapper.rs + src/dp/swipe.rs,translated,all twenty functions and SwipeConfig template behavior mirrored with systematic sort_targets sort_sequence_set score_bin matrix_size_targets matrix_size_sequence_set and dispatch_config mappings; architecture-neutral score kernels preserve bin selection traceback forward/backward cell modes composition bias target sorting worker and thread-pool partitioning overflow merging task statistics reversed recomputation coverage filtering carry-over and public swipe/swipe_set dispatch; CCC has eight lexical overload/template-instantiation misses and zero partial/stubs
diamond/src/masking/motifs.cpp,src/masking/motifs.rs + src/masking/motifs/motif_data.rs + src/masking/mod.rs,translated,the process-wide motif_table and init_motif_table are mirrored with OnceLock and systematic snake_case naming; all 1000 active unique eight-residue motifs match the C++ table entry-for-entry while the approximately 7000 source entries inside the block comment remain excluded; masking now consumes the shared Kmer table through the mirrored KmerIterator; nine focused tests pass; scoped CCC reports the sole C++ function matched with zero missing or partial/stubs
diamond/src/stats/matrix_adjust.cpp,src/stats/matrix_adjust.rs + src/stats/cbs.rs + src/stats/mod.rs,translated,all ten matrix-adjustment routines mirrored with systematic snake_case names and an exact hierarchy facade; pseudocount normalization target-frequency expansion frequency ratios score construction constrained optimization high-pair selection Jensen-Shannon distance conditional rule selection and base-matrix fallback audited; restored C++ IEEE NaN and left-to-right arithmetic semantics for zero-distance conditional angles; two focused facade tests pass and scoped CCC reports zero missing/partial
diamond/src/stats/comp_based_stats.cpp,src/stats/comp_based_stats.rs + src/stats/cbs.rs + src/stats/mod.rs,translated,all fifteen numerical and wrapper routines mirrored with systematic snake_case names and a hierarchy-preserving facade; explicit BlastScoreFreq preserves distinct allocated and observed score ranges while safe slices replace zero-centred pointers; Karlin Newton/bisection GCD score distributions frequency-ratio conversion rounding X scores matrix scaling LambdaRatio bounds Robinson frequencies and explicit matrix-scale dependency audited; nineteen focused CBS tests pass and scoped CCC reports zero missing/partial
diamond/src/search/hit_buffer.cpp,src/search/hit_buffer.rs + src/search/hit.rs + src/search/mod.rs,translated,all nine implementation functions plus header-defined Writer partition load retrieve and buffer methods mirrored with systematic snake_case names and compatibility reexports; synchronous ownership-safe execution replaces writer and loader threads while preserving packet boundaries native size and count headers 32-bit and packed 40-bit subject offsets bin ranges swipe-all behavior count validation bounds checks corruption propagation temporary-file cleanup and maximum-bin allocation semantics; ten focused hit tests pass and scoped CCC has zero missing with constructor finish and allocation size heuristics documented as structural false positives
diamond/src/search/setup.cpp,src/search/setup.rs + src/search/sensitivity.rs + src/search/mod.rs,translated,all five functions plus sensitivity trait iterated schedule approximate-identity and shape-code tables mirrored behind an explicit hierarchy facade; mutable globals are explicit inputs and outputs while set_option sentinels query-bin rounding temporary contiguous reduction and Murphy-10 restoration cutoff tables masking flags extension selection and every validation branch preserve source behavior; fixed explicit identity override soft-mask parsing unsigned multiplication and the absent shapes-6x10 iteration entry; four facade thirteen compatibility and nine run-config tests pass; scoped CCC reports zero missing/partial with no manual mappings
diamond/src/cluster/helpers.cpp,src/cluster/helpers.rs + src/cluster/mod.rs,translated,all sixteen functions and every read and output_mem overload mirrored with systematic read_centroid_sorted read_mapping output_mem_clusters output_mem_mapping output_mem_pairs and output_mem_file names; explicit database and threshold configuration adapters replace SequenceFile and mutable globals while header validation accession lookup dense mappings centroid grouping OID/accession output join ordering 32/64-bit dispatch split counts threshold defaults TSV headers length-sorted clustering edge output and padded round values preserve source behavior; four focused tests pass and scoped CCC has only four overload-name lexical misses with zero partial/stubs
diamond/src/cluster/external/cluster.cpp,src/cluster/external/cluster.rs + src/cluster/external/mod.rs,translated,all five functions mirrored with systematic compute_closure compute_closure_from_assignment_file get_reps cluster and cluster_bidirectional names; native compressed Edge and Assignment volumes manifests per-volume closure mappings representative FASTA generation multi-round sparse OID traversal cleanup longest-then-lowest unidirectional selection and degree-then-lowest bidirectional selection preserve source behavior; deterministic local bucket ownership replaces cross-process atomics while retaining external-memory one-bucket-at-a-time passes; five focused tests pass and scoped CCC reports zero missing/partial
diamond/src/lib/blast/blast_seg.cpp,src/masking/blast_seg.rs + src/masking/mod.rs,parity-tested,all thirty-one SEG routines mirrored with systematic snake_case names and Rust ownership replacing allocation/free mechanics; exact standard-alphabet bogus-residue rules sliding state entropy trigger extension recursive trimming probability scoring range ordering offsets overlap behavior and parameter defaults preserved; SEG is now wired into generic sequence masking; 610 deterministic random and low-complexity cases produced range-for-range identical output against the C++ implementation and six focused tests pass; scoped CCC has one ownership-only free miss and five structural size heuristics
diamond/src/masking/masking.cpp,src/masking/mod.rs + src/masking/tantan.rs,translated,all sixteen implementation functions and Masking header behavior mirrored with systematic snake_case names; explicit MaskingConfig and owned precomputed Masking replace process globals while tantan range hard and bit modes SEG inclusive ranges motif merged coverage cap table save/restore combined flag execution statistics and deterministic sequence-set traversal preserve behavior; SEG is no longer a no-op and the soft mask branch correctly remains tantan regardless of the requested hard-mask algorithm; thirteen focused masking tests pass and scoped CCC reports zero missing/partial after two operator mappings
diamond/src/cluster/cascaded/wrapper.cpp,src/cluster/cascaded/wrapper.rs + src/cluster/cascaded/mod.rs,translated,all eight implementation functions mirrored with systematic seq_mem_use search_vs_centroids and explicit-backend Cascaded::run surfaces; mutable globals files and consumers map to CascadedWrapperConfig WrapperState BestCentroid and CascadedWrapperBackend while threshold initialization external delegation BLAST rejection block sizing in-memory clustering length sorting centroid search coverage mutations subdatabase clustering global-OID mapping centroid accumulation output flags cleanup and errors preserve source ordering; corrected the exact seq_mem_use arithmetic where the twelve-byte term is outside the seed-count product; three focused tests pass and scoped CCC has only the default destructor structural miss with zero partial/stubs
diamond/src/align/legacy/query_mapper.cpp,src/align/legacy/query_mapper.rs + src/align/legacy/mod.rs + src/align/mod.rs,translated,all fourteen implementation functions plus SeedHit Target and QueryMapper header-inline surfaces mirrored with systematic snake_case and explicit query database score and output adapters; target counting loading ranking score-only and range/taxon culling HSP filtering inner culling output modes lazy intros DAA/intermediate dictionary timing unaligned reports statistics translated coordinates and target-parallel paths preserve behavior; six focused tests pass and scoped CCC reports zero missing/partial with no manual mappings
diamond/src/cluster/multinode/multinode.cpp,src/cluster/multinode/multinode.rs + src/cluster/multinode/mod.rs + src/cluster/multinode/data.rs + src/cluster/multinode/output.rs,translated,all nine analyzed functions plus every Job method and VolumedFile workflow mirrored with systematic snake_case names and explicit search and graph backend adapters; exact triangular block ranking final search mutations accession and numeric-ID formats startup indexing block FASTA materialization native boundary file round scheduling representative IDs cascaded thresholds and final merge preserved; file-backed worker IDs queues completion barriers startup/concatenation/output locks retain distributed ownership and single-writer semantics; six focused tests including a real two-worker shared-file coordination regression pass and scoped CCC reports zero missing/partial
diamond/src/align/extend.cpp,src/align/extend.rs + src/align/target.rs + src/align/gapped_filter.rs + src/align/hsp.rs,translated,all twelve analyzed functions and the Extension mode table mirrored with a hierarchy-preserving facade and systematic snake_case overload names; explicit GappedScoreConfig and borrowed blocks matrices callbacks statistics replace globals while ranking chunks filters self alignment seed-only paths lazy masking gapped filter chaining multi-round termination global ranking and final culling preserve source behavior; audit removed an invented early chunk-pruning heuristic that had no C++ counterpart; four focused extension tests pass and recursive scoped CCC reports zero missing/partial
diamond/src/align/legacy/banded_swipe_pipeline.cpp,src/align/legacy/banded_swipe_pipeline.rs + src/align/legacy/query_mapper.rs + src/align/legacy/mod.rs,translated,all thirteen functions and derived Target plus Pipeline header surface mirrored with systematic snake_case and an is_outranked_partition overload mapping; explicit BandedSwipeBackend replaces translated-query SWIPE scoring and log globals while default padding ungapped top-hit selection strand-stable band merging score and interval ranking target-parallel worker reduction top-percent pruning score-only culling traceback reset inner culling coordinate conversion diagnostics and TARGET_HITS statistics preserve source behavior; five focused tests pass and scoped CCC reports zero missing/partial
diamond/src/run/tools.cpp,src/run/tools.rs + src/run/mod.rs,translated,all eight command helpers mirrored with systematic snake_case names and explicit ToolsConfig and ToolsBackend adapters for global CLI state file parsing database access random selection and pairwise alignment; get-sequence delegation database-count reporting ordered random FASTA output including the source reverse-mode blank-sequence quirk configured hard TANTAN masking FASTQ conversion compile-time architecture flags DNA pairwise substitution/deletion formatting pair-buffer serialization soft-mask printing and reversed FASTA output preserve active behavior; the four commented upstream parser/alignment calls that otherwise make literal while(true) loops nonterminating are restored as finite adapter inputs and impossible random sample requests return an error instead of looping forever; four focused tests pass and scoped CCC reports zero missing/partial with no manual mappings
diamond/src/run/main.cpp,src/run/main.rs + src/run/mod.rs,translated,the main entry point is mirrored with a testable main and systematic helper names plus explicit MainConfig RunFeatures RunError and RunBackend adapters for global configuration compile-time features streams and command implementations; motif initialization argument parsing every standard cluster deprecated internal and EXTRA command branch version and prepdb formatting cluster similarity validation default cascaded selection regression status passthrough unknown-command fallback and bad-allocation file-open standard and unknown exception diagnostics preserve source behavior; the process terminate handler remains the embedding executable's panic or abort policy rather than library dispatcher state; four focused tests pass and scoped CCC reports zero missing/partial with no manual mappings
diamond/src/basic/config.cpp,src/basic/config.rs + src/basic/mod.rs,translated,all six analyzed functions mirrored with systematic block_size set_string_option set_sens single_query_file compressor and Config::new surfaces; explicit ConfigInput and ConfigBackend replace parser globals and side effects while the exact 45-command and 316-option registration streams feature filtering defaults relevant to constructor transformations verbosity long-read and DAA rewrites I/O checks extensions scoring masking translator temporary-directory multiprocessing sensitivity query and mode validations preserve source behavior and diagnostics; WITH_DNA option names are retained but DNA extension enum initialization remains unavailable because that compile-time backend is absent and EXTRA uses the public six-mode CBS bound; three focused tests pass and scoped CCC reports zero missing/partial with no manual mappings
diamond/src/align/align.cpp,src/align/align.rs + src/align/mod.rs,translated,all seven analyzed functions including HitIterator construction single-query dispatch fetch and the public align_queries entry point mirrored with systematic snake_case and one constructor mapping; explicit AlignBackend and AlignState replace hit-buffer database output-queue thread-pool heartbeat aligned-query aligned-target statistics DP-stat timer and logging globals while query-safe partitions missing-query records legacy frame-shift output null/DAA/unaligned behavior DNA extension blocked output global-ranking forwarding random-access lifecycle packed-hit memory arithmetic output ordering separators and aggregate statistics preserve source behavior; five focused tests pass and scoped CCC reports zero missing/partial
diamond/src/ffi/ffi.cpp,src/ffi/ffi.rs + src/ffi.rs + src/lib.rs,translated,the extern-C dispatcher duplicate is represented by a hierarchy-preserving diamond_main facade over the fully audited run::main dispatcher while the feature-gated non-Windows run_cpp bridge remains available solely for native C++ conformance; direct differential tests prove identical status stdout stderr and log bytes for version prepdb regression standard allocation file-open and unknown success/error branches; two focused tests pass and scoped CCC reports zero missing with the expected single structural LOC partial because Rust delegates eight lines instead of duplicating the 104-line dispatcher
diamond/src/run/double_indexed.cpp,src/run/double_indexed.rs + src/run/mod.rs,translated,all nine analyzed functions mirrored with systematic snake_case and an explicit DoubleIndexedBackend adapter for process globals sequence/database I/O temporary consumers multiprocessing stacks seed sets histograms search alignment global ranking dictionaries DAA and formatted output; exact query-index thresholds algorithm fallback index chunks lazy masking length sorting self-search block traversal iterated cutoffs target/query masking dictionary persistence buffer selection DNA dispatch temporary joining aligned/unaligned emission recovery/init filters database flags score sizing and cleanup workflows preserved; six focused tests pass and scoped CCC reports zero missing and zero partial/stubs
diamond/src/lib/blast/blast_message.cpp,src/lib/blast/blast_message.rs + src/lib/blast/mod.rs,translated,all five functions two exported constants severity values origin and linked-message layouts mirrored with systematic snake_case mappings; null pointer status append ordering default null origin recursive list teardown no-op post behavior and the active vendored SMessageOriginNew always-null allocation bug are preserved; four focused tests pass and scoped CCC with two audited leading-S name mappings reports zero missing/extra/partial
diamond/src/lib/blast/blast_filter.cpp,src/lib/blast/blast_filter.rs + src/lib/blast/mod.rs + src/lib.rs,translated,excluded vendor inventory file with all seventeen allocation list mask-location interval-combination coordinate-reversal residue-masking and unsupported-amino-acid functions mirrored under the public blast::blast_filter hierarchy; safe contiguous list ownership replaces raw linked nodes calloc and free while preserving order deep copies null/empty meaning unstable start sorting strict link boundaries inclusive masks reverse and offset coordinates declared sequence lengths constants and the vendor sequential-assignment reversal quirk; invalid negative or out-of-buffer mask ranges return typed errors instead of invoking C++ assertion or memory undefined behavior; six focused tests pass and scoped CCC reports zero missing/partial with no manual mappings
diamond/src/lib/blast/blast_stat.cpp,src/lib/blast/blast_stat.rs + src/lib/blast/mod.rs,translated,excluded vendor inventory file is an intentionally empty three-line comment-only translation unit with zero functions tables constants or static initialization; its blast_stat.h declarations are implemented by other separately audited source files chiefly blastn_score.cpp and stats/comp_based_stats.cpp rather than by this file; exact-path marker and focused source guard prevent future executable additions from being silently classified empty; one focused test passes and scoped CCC reports zero functions missing extras or partial/stubs
diamond/src/lib/blast/ncbi_std.cpp,src/lib/blast/ncbi_std.rs + src/lib/blast/mod.rs,translated,all seven memory duplication and generic linked-list functions plus the companion header numeric constants and MIN MAX ABS SIGN DIM compatibility semantics mirrored with systematic snake_case names; safe Option Box ownership preserves zero-initialized append order choices copied strings null-string no-op and the distinction between freeing nodes only and freeing nodes with attached data by returning retained values in the former case; null and zero-size duplication and recoverable vector allocation failure map to None while out-of-bounds source sizes are rejected instead of invoking memcpy undefined behavior; three focused tests pass and scoped CCC reports zero missing/partial with no manual mappings
diamond/src/lib/blast/sm_blosum45.c,src/lib/blast/sm_blosum45.rs + src/lib/blast/mod.rs,parity-tested,the exported packed BLOSUM45 descriptor is mirrored with the exact 25-symbol order and default score while reusing DIAMOND's canonical 26-symbol StandardMatrix storage; a source-driven exhaustive test compares all 625 packed cells against the vendored C initializer and bounds-safe lookup replaces unchecked pointer indexing
diamond/src/lib/blast/sm_blosum62.c,src/lib/blast/sm_blosum62.rs + src/lib/blast/sm_blosum45.rs + src/lib/blast/mod.rs,parity-tested,the exported packed BLOSUM62 descriptor is mirrored with the exact 25-symbol order and default score while reusing DIAMOND's canonical 26-symbol StandardMatrix storage and shared bounds-safe packed view; a source-driven exhaustive test compares all 625 packed cells against the vendored C initializer
diamond/src/lib/blast/sm_blosum80.c,src/lib/blast/sm_blosum80.rs + src/lib/blast/sm_blosum45.rs + src/lib/blast/mod.rs,parity-tested,the exported packed BLOSUM80 descriptor is mirrored with the exact 25-symbol order and default score while reusing DIAMOND's canonical 26-symbol StandardMatrix storage and shared bounds-safe packed view; a source-driven exhaustive test compares all 625 packed cells against the vendored C initializer
diamond/src/lib/blast/sm_blosum90.c,src/lib/blast/sm_blosum90.rs + src/lib/blast/sm_blosum45.rs + src/lib/blast/mod.rs,parity-tested,the exported packed BLOSUM90 descriptor is mirrored with the exact 25-symbol order and default score while reusing DIAMOND's canonical 26-symbol StandardMatrix storage and shared bounds-safe packed view; a source-driven exhaustive test compares all 625 packed cells against the vendored C initializer
diamond/src/lib/blast/matrix_freq_ratios.c,src/lib/blast/matrix_freq_ratios.rs + src/stats/matrix_data.rs + src/lib/blast/mod.rs,parity-tested,excluded vendor inventory file with both allocation and free routines mirrored using an owned mutable 28x28 matrix and Rust drop semantics; all eight existing canonical payloads are reused without literal duplication and a source-driven exhaustive test proves all 6272 cells bit-exact to the vendored C initializers; case-insensitive aliases both scaled BLOSUM62 variants bit-scale factors unknown-name null behavior independent copies and free/null behavior are covered by four focused tests; scoped CCC with two genuine leading-underscore name mappings reports zero missing and zero partial/stubs
diamond/src/lib/blast/sm_blosum50.c,src/lib/blast/sm_blosum50.rs + src/lib/blast/sm_blosum45.rs + src/lib/blast/mod.rs,parity-tested,the exported packed BLOSUM50 descriptor is mirrored with source-verified 25-symbol order and default score while reusing DIAMOND's canonical 26-symbol StandardMatrix storage and shared bounds-safe packed view; a source-driven exhaustive test compares all 625 packed cells against the vendored C initializer; two focused tests pass and scoped CCC appropriately reports zero source functions missing or partial/stubs
diamond/src/lib/blast/sm_pam30.c,src/lib/blast/sm_pam30.rs + src/lib/blast/sm_blosum45.rs + src/lib/blast/mod.rs,parity-tested,the exported packed PAM30 descriptor is mirrored with the exact 25-symbol order and default score while reusing DIAMOND's canonical 26-symbol StandardMatrix storage and shared bounds-safe packed view; a source-driven exhaustive test compares all 625 packed cells against the vendored C initializer
diamond/src/lib/blast/sm_pam70.c,src/lib/blast/sm_pam70.rs + src/lib/blast/sm_blosum45.rs + src/lib/blast/mod.rs,parity-tested,the exported packed PAM70 descriptor is mirrored with the exact 25-symbol order and default score while reusing DIAMOND's canonical 26-symbol StandardMatrix storage and shared bounds-safe packed view; a source-driven exhaustive test compares all 625 packed cells against the vendored C initializer
diamond/src/lib/alp/njn_dynprogprobproto.cpp,src/lib/alp/njn_dynprogprobproto.rs + src/stats/alp_dynprogprobproto.rs + src/lib/alp/mod.rs,translated,the implementation unit's sole empty virtual destructor maps to automatic dynamic Drop for Rust trait objects while the complete abstract interface is reused through a hierarchy-preserving facade; concrete dispatch destructor execution and an exact upstream source guard are covered by three focused tests; the destructor is an intentional ownership mapping rather than an artificial snake_case function
diamond/src/lib/alp/njn_dynprogproblim.cpp,src/lib/alp/njn_dynprogproblim.rs + src/stats/alp_dynprogproblim.rs + src/lib/alp/mod.rs,translated,all four implementation routines and the header-defined construction copy clear inherited interface and lost-probability accessor are represented through a hierarchy-preserving facade; systematic set_limits and get_prob_lost names coexist with compatibility aliases while safe vectors preserve grow shrink shift and two-buffer update behavior; focused tests cover two-sided limit loss retained values and repeated out-of-range updates; scoped CCC over the implementation reports zero missing and zero partial/stubs
diamond/src/lib/alp/njn_localmaxstat.cpp,src/lib/alp/njn_localmaxstat.rs + src/stats/alp_localmaxstat.rs + src/lib/alp/mod.rs,translated,the static time state and all implementation routines including both copy overloads allocation cleanup parameter derivation get_r and ladder-epoch calculation are represented through a hierarchy-preserving facade; Rust vectors clone and Drop replace raw allocation memcpy copy construction assignment and deletion while a mutex protects the source global; systematic snake_case entry points coexist with established compatibility accessors and focused tests cover static state full copy clone clear and distribution evaluation; scoped CCC with the genuine copy_full overload mapping reports zero missing and zero partial/stubs
diamond/src/lib/alp/sls_basic.cpp,src/lib/alp/sls_basic.rs + src/stats/sls_basic.rs + src/lib/alp/mod.rs,translated,all seven implementation routines including both normal_probability overloads plus the relevant header templates constants error and parameter structures are exposed through a hierarchy-preserving facade; systematic snake_case tmin and tmax aliases coexist with compatibility names while SystemTime replaces platform gettimeofday or _ftime and slices replace the interpolation pointer; focused tests cover half rounding stable exponent and logarithm paths table endpoints normal tails clock seed domains and every min/max arity; scoped CCC with two genuine namespace mappings reports zero missing and zero partial/stubs
diamond/src/lib/blast/sm_pam250.c,src/lib/blast/sm_pam250.rs + src/lib/blast/sm_blosum45.rs + src/lib/blast/mod.rs,parity-tested,the exported packed PAM250 descriptor is mirrored with source-verified 25-symbol order and default score while reusing DIAMOND's canonical 26-symbol StandardMatrix storage and shared bounds-safe packed view; a source-driven exhaustive test compares all 625 packed cells against the vendored C initializer; two focused tests pass and scoped CCC appropriately reports zero source functions missing or partial/stubs
diamond/src/lib/alp/njn_random.cpp,src/lib/alp/njn_random.rs + src/lib/alp/mod.rs + src/stats/alp_random.rs,parity-tested,both additive random generator functions and the header SEED constant are mirrored through the public alp::njn_random facade while retaining the established stats implementation; exact 33-word initial state offset pointers linear-congruential seeding 330-round warm-up post-decrement wrap order signed 64-bit wrapping right shift 31-bit mask and inclusive output range preserve LP64 source behavior; seed initialization now holds the shared lock across warm-up so concurrent calls cannot interleave; default negative and LONG_MAX seed streams match a compiled C++ oracle across eight outputs; four focused release tests pass and scoped CCC reports zero missing/partial after two genuine namespace mappings
diamond/src/lib/blast/nlm_linear_algebra.cpp,src/lib/blast/nlm_linear_algebra.rs + src/stats/linear_algebra.rs + src/lib/blast/mod.rs,translated,all ten dense lower-triangular Int4 allocation/free Cholesky solve stable norm vector-add and nonnegative step-bound routines plus the relevant header type surface are exposed through the exact vendor hierarchy; numerical kernels reuse the audited stats implementation while fallible safe owned row vectors and Option null handles replace raw contiguous allocation and triple-pointer free semantics with initialized storage preventing uninitialized-read undefined behavior; four focused tests cover every routine allocation shapes nulling known 3x3 factorization and solve extreme-scale norms prefix updates and step boundary branches; scoped CCC with systematic mappings reports zero missing and four expected structural LOC partials for two shared allocation helpers and two delegated numerical kernels
diamond/src/lib/blast/blastn_score.cpp,src/lib/blast/blastn_score.rs + src/lib/blast/mod.rs + src/stats/cbs.rs + src/lib/blast/blast_message.rs,translated,all 56 allocation lifecycle scoring-matrix residue-frequency score-frequency Karlin-Altschul nucleotide-gap-table program-option and diagnostic workflows are mirrored in the blast hierarchy with safe owned adapters and the existing audited lambda solver; exact 11-value statistic rows preserve the three zero-filled FSC fields and active vendored standard-matrix fall-through behavior is retained; six focused tests cover numerical helpers matrix construction and parsing frequency/Karlin calculations scaled gap tables error reporting standard matrices and defaults; cargo check is green and scoped CCC reports zero missing or partial functions
diamond/src/lib/alp/njn_dynprogprob.cpp,src/lib/alp/njn_dynprogprob.rs + src/stats/alp_dynprogprob.rs + src/lib/alp/mod.rs,translated,all eleven implementation functions and the relevant constructor copy assignment readiness clear update probability/accessor and mutable inline header surface are represented through the hierarchy-preserving facade and systematic snake_case methods while established camelCase consumers remain compatible; the missing explicit state-copy overload and init/free lifecycle paths were added and probability initialization now validates only the declared C range rather than unrelated trailing slice data; owned vectors Clone and Drop replace raw arrays memcpy and manual deletion while preserving dual-buffer step parity left/right capacity growth offset shifting input resizing bounds and probability accumulation; four new focused tests pass and scoped CCC with eight genuine method mappings reports zero missing and zero partial/stubs
diamond/src/lib/murmurhash/MurmurHash3.cpp,src/lib/murmurhash/murmur_hash3.rs + src/lib/murmurhash/mod.rs + src/util/hash.rs + src/lib.rs,parity-tested,all nine rotation block-read finalization and exported x86_32 x86_128 x64_128 functions are mirrored with systematic snake_case names and the existing utility delegates to the canonical implementation; wrapping arithmetic fall-through tails native-endian x86 block reads little-endian-normalized x64 data blocks native seed/output words empty inputs and every boundary around 4-byte and 16-byte blocks preserve source semantics; x86 variants remain exposed unconditionally because Rust has no WITH_BLASTDB build mode while documenting the upstream exclusion; compiled-C++ differential vectors cover all three variants at fourteen lengths and nonzero seeds; five focused release tests pass and scoped CCC reports zero missing/partial after two parser-workaround fmix mappings
diamond/src/lib/alp/njn_localmaxstatmatrix.cpp,src/lib/alp/njn_localmaxstatmatrix.rs + src/stats/alp_localmaxstat_matrix.rs + src/lib/alp/mod.rs,translated,all four implementation functions and the relevant inline constructor assignment copy readiness inherited statistic accessors and matrix getters are represented through the hierarchy-preserving facade; the established owned numerical implementation preserves default symmetric probabilities default square dimensions flattening and duplicate-score probability aggregation while snake_case methods now cover both copy overloads and the complete public accessor surface without breaking camelCase consumers; three focused tests cover rectangular asymmetric distributions deep-copy ownership default arguments and copying precomputed base statistics; cargo check is green and scoped CCC with the overload mapping reports zero missing or partial functions
diamond/src/lib/alp/njn_ioutil.cpp,src/lib/alp/njn_ioutil.rs + src/stats/alp_ioutil.rs + src/lib/alp/mod.rs,translated,all format terminator abort line-reading floating extraction and relevant header conversion/manipulator behavior are exposed through the exact ALP hierarchy; the audit fixed abort output and exit status ASCII whitespace matching numeric-prefix extraction and getString secondary-conversion semantics while synchronization safely replaces mutable process globals; five focused tests pass and scoped CCC reports zero partial/stubs with both getLine overloads implemented despite the analyzer's one-to-one overload matching limitation
diamond/src/test/queue.cpp,src/test/queue.rs + src/test/mod.rs + src/util/data_structures.rs + src/lib.rs,parity-tested,the test-only queue stress and FileStack exercises are mirrored under the upstream test hierarchy with systematic names exact stress-report formatting and explicit deterministic thread/path test adapters; the audit replaced the prior single-thread-only VecDeque facade with a bounded mutex/condition-variable MPSC-or-SPMC queue preserving backpressure poison-pill producer counting consumer close capacity rounding approximate size and FIFO semantics; both producer-consumer directions pass concurrent count/checksum stress and four FileStack writers produce all 400 records; scoped CCC reports zero missing with only the explicit test adapter extra and no semantic stubs
diamond/src/test/test_cases.cpp,src/test/test_cases.rs + src/test/mod.rs,parity-tested,the test-only static regression inventory is mirrored as immutable Rust TestCase and u64 slices with systematic description and command_line fields; all twenty descriptions command lines and paired reference hashes are preserved in source order and source-driven tests verify every literal plus boundary entries
diamond/src/test/hit_buffer_stress.cpp,src/test/hit_buffer_stress.rs + src/test/mod.rs + src/search/hit_buffer.rs,parity-tested,the test-only hit_fp run_single_mode and run_hit_buffer_stress_test workflows are mirrored under the upstream test hierarchy with exact constants generation formulas checksum arithmetic memory/disk modes result reporting and safe error propagation; parallel workers generate the source's independent per-bin writer streams before deterministic ownership-safe ingestion by the intentionally synchronous translated HitBuffer; focused tests exercise both storage modes across 4400 hits and verify wrapping fingerprint arithmetic; scoped CCC uses the explicit-size test adapter mapping and reports zero missing or partial/stubs
diamond/src/test/data.cpp,src/test/data.rs + src/test/mod.rs,replaced,test-only translation unit contains no executable functions and only the large Test::seqs identifier/amino-acid corpus; a one-time byte parser exposes the complete ordered corpus through the mirrored upstream_test::data::seqs API while correctly handling C++ escaped characters and physical line splicing without duplicating more than 100 KiB of immutable data; focused tests validate corpus size boundary records nonempty alphabetic sequences unique identifiers and parser escape behavior; scoped CCC reports zero source functions
diamond/src/tools/tools.cpp,src/tools/tools.rs + src/tools/mod.rs,translated,all split hash_seqs freq list_seeds and local callback routines are mirrored under the standalone tools hierarchy with systematic snake_case and operator-to-call naming plus explicit sequence seed chunk and output dependencies replacing process globals and database I/O; exact seqid FASTA formatting pre-record chunk boundaries zero-seed MurmurHash per sequence reduced mean frequency duplicate counting reverse pair ordering decoding and query-count truncation are covered by focused tests; the source's commented parser that leaves hash_seqs as a literal infinite loop is represented by a finite record input rather than preserving a nonfunctional tool; scoped CCC reports zero missing and zero partial/stubs
diamond/src/tools/find_shapes.cpp,src/tools/find_shapes.rs + src/tools/mod.rs,translated,all eight helper and public routines plus Pattern and W L N T constants are mirrored under the standalone tools hierarchy with explicit input lines and returned round reports replacing file and stdout globals; sparse counts replace the source 2^24 static array without changing observed counts while ordered sets exact-weight combinations sliding masks exclusion identity filtering per-alignment uniqueness lowest-pattern tie breaking and iterative exclusion preserve behavior; focused tests cover combination enumeration formatting exclusion identity classification and iterative selection; zero-pattern source undefined behavior safely returns an empty string and empty candidate rounds terminate; scoped CCC maps the explicit parameterized adapters and reports zero missing or partial/stubs
diamond/src/lib/alp/njn_localmaxstatutil.cpp,src/lib/alp/njn_localmaxstatutil.rs + src/stats/alp_localmaxstat_util.rs + src/lib/alp/mod.rs,translated,all twenty-three flattening root-bracketing moment rate lattice ladder-epoch dynamic-programming callback and distribution-validation functions plus the complete public header surface are represented through the hierarchy-preserving facade with systematic snake_case aliases; the formulas dimension2 default duplicate-score aggregation optional precomputed parameters strict and weak epochs repeated outputs timeout flag and omitted-probability bound preserve source behavior; unsafe shared callback parameters are now thread-local rather than separately mutex-guarded so concurrent root calculations cannot overwrite state between setup and callbacks; six focused facade and canonical tests cover rectangular flattening analytic identities matrix overloads extreme validation concurrent calculations and ladder epochs; scoped CCC with nine genuine namespace/overload mappings reports zero missing and zero partial/stubs
diamond/src/lib/alp/sls_alignment_evaluer.cpp,src/lib/alp/sls_alignment_evaluer.rs + src/stats/sls_alignment_evaluer.rs + src/lib/alp/mod.rs,translated,all thirteen implementation functions and the relevant header inline numerical accessors constant parameter and randomization state surfaces are represented through the hierarchy-preserving facade with systematic snake_case aliases; existing numerical simulation and finite-size correction logic was audited while source try/catch invalidation is now preserved on precomputation failures and both precalculated-parameter overloads record elapsed calculation time; stream roundtrips deterministic reseeded error samples invalid-state transitions and computation-parameter clearing are covered by eleven focused tests; scoped CCC with two genuine overload mappings reports zero missing and zero partial/stubs
diamond/src/lib/alp/sls_pvalues.cpp,src/lib/alp/sls_pvalues.rs + src/stats/pvalues.rs + src/lib/alp/mod.rs,translated,all fifteen implementation functions and the relevant inline parameter constructor random generation standard-normal and public state surface are represented through the hierarchy-preserving facade with systematic snake_case aliases and retained source-compatible names; owned vectors replace stream-managed arrays and the source normal-CDF pointer while Display and FromStr preserve parameter stream ownership and error codes; zero-variance 1e100 normal-tail sentinels now saturate like C libm erfc instead of producing NaN through the prior polynomial path; four facade and seven canonical focused tests cover defaults validation closed-form tail area and E-values scalar/range agreement error sentinels splitting data and stream roundtrips; cargo check is green and scoped CCC reports zero missing or partial functions
diamond/src/lib/alp/sls_alp_data.cpp,src/lib/alp/sls_alp_data.rs + src/stats/sls_alp_data.rs + src/lib/alp/mod.rs,translated,all twenty-five file and parameter construction initialization random selection cleanup output validation matrix/frequency parsing normalization conversion importance-sampling error-propagation and numeric-validation functions plus relevant inline array matrix RNG and sampling header templates are represented through the hierarchy-preserving facade; systematic type and RR helper aliases coexist with source-compatible names while Vec Box Result Clone and Drop replace raw allocation pointer outputs exceptions and destructors; the audit restored the missing instance output-file symmetric-mode compatibility check with exact diagnostics while preserving the active vendored always-false symmetry initialization; twelve focused facade and canonical tests cover both constructors lifecycle bidirectional arrays plateau sampling normalization file parsing conversions golden-ratio lambda importance-sampling states error formulas and output compatibility; scoped CCC with three genuine constructor/read overload mappings reports zero missing and zero partial/stubs
diamond/src/lib/alp/sls_alp_regression.cpp,src/lib/alp/sls_alp_regression.rs + src/stats/sls_alp_regression.rs + src/lib/alp/mod.rs,translated,all nine partitioned and single-root error-correction free-slope and fixed-slope robust regression median and robust-sum functions plus the inline sqrt_for_errors header routine are represented through the hierarchy-preserving facade; systematic AlpReg and LSM aliases add typed optional fit results without disrupting source-compatible methods while slices Vec Result and ownership replace pointer outputs allocations and exceptions; the audit fixed negative N_points robust-sum parity by preserving the source empty removal loop and dim-minus-N denominator instead of unsigned-cast indexing failure; eight focused facade and canonical tests cover multiple and endpoint roots invalid partitions exact-line fits both slope modes degeneracy zero-error correction even medians outlier removal and the negative-count edge; scoped CCC reports zero missing and zero partial/stubs with no manual mappings
diamond/src/lib/alp/sls_alp_sim.cpp,src/lib/alp/sls_alp_sim.rs + src/stats/sls_alp_sim.rs + src/lib/alp/mod.rs,translated,all thirty constructor lifecycle realization randomization distribution criterion root lambda C FSC regression killing and main-parameter workflows plus the relevant public header state are represented through the hierarchy-preserving facade; the source-equivalent new constructor now runs the complete simulation workflow while new_empty retains an explicit lightweight kernel-test adapter and new_with_simulation remains compatible; the missing twenty-three-buffer FSC cleanup is implemented with owned-vector clearing and deallocation and acronym-heavy methods/constants now have systematic snake_case or uppercase Rust spellings; thirty focused facade and canonical tests cover state defaults constructor failure cleanup numerical helpers distributions criteria parameter calculations randomization symmetry and lifecycle paths; cargo check is green and scoped CCC reports zero missing or partial functions without new mappings
diamond/src/lib/alp/sls_alp.cpp,src/lib/alp/sls_alp.rs + src/stats/sls_alp.rs + src/lib/alp/mod.rs,translated,all twenty-six constructor destructor recurrence sampling sequence and matrix growth sentinel state restoration killing weight simulation timing and partial-release functions plus the relevant header state swap and public field surface are represented through the hierarchy-preserving facade; systematic AlpExt names coexist with established source-compatible methods while owned vectors options and Result replace raw arrays pointers and exceptions; the audit fixed partial_release_memory so released live and saved-state buffers are physically freed and removed once from the source-compatible memory-limit counter rather than merely retaining allocations with zero length; thirteen focused facade and canonical tests cover constructor state both gap-transition recurrences sentinel ladder points deterministic importance sampling save and restore killing bounds growth degree swap and idempotent release accounting; scoped CCC reports zero missing and zero partial/stubs with no manual mappings
diamond/src/tools/greedy_vertex_cover.cpp,src/tools/greedy_vertex_cover.rs + src/tools/mod.rs,translated,the sole command function and Acc declaration are mirrored with systematic snake_case APIs and an explicit configuration adapter; mapping ingestion first-duplicate semantics coverage cutoff directional edge expansion triplet symmetry validation self-edge removal dense graph construction strict recursive merge reassignment connected-component depth reverse mapping and optional centroid and assignment files preserve source behavior; four focused tests pass and scoped CCC reports zero missing/partial with no manual mappings
diamond/src/test/test.cpp,src/test/test.rs + src/test/mod.rs,translated,all three test-only regression driver functions are mirrored under upstream_test with systematic run_testcase load_seqs and run names; explicit RegressionBackend RegressionSequenceFile and TestRunConfig adapters replace process globals temporary-file ownership and direct console/search side effects while reusing the existing test-case inventory file hash queue and hit-buffer stress helpers; argument construction log mode sequence rewinds statistics reset protein encoding bootstrap hashes direct output aligned status labels dataset setup stress ordering close behavior summary and exit status are covered by five focused tests; cargo check is green and scoped CCC reports zero missing or partial functions with no manual mappings
diamond/src/tools/rocid.cpp,src/tools/rocid.rs + src/tools/mod.rs,translated,all three fetch_map print and roc_id functions plus Assoc and the file-local state are mirrored under the public tools hierarchy with systematic snake_case names; owned RocIdState and explicit RocIdConfig readers result writer and message writer replace process globals while preserving ordered query-group lookahead one-line putback family-stratified bin averaging duplicate target associations whole-query unmapped behavior progress and final diagnostics source default six-significant-digit formatting and the initial empty-query report; invalid negative or nonfinite identities family-count overflow and counter overflow return errors instead of unsafe indexing or integer overflow; seven focused tests pass cargo check is green and scoped CCC reports zero missing or partial functions with no manual mappings
diamond/src/tools/tsv.cpp,src/tools/tsv.rs + src/tools/mod.rs,translated,both word_count and cut are mirrored under the public tools hierarchy with source-compatible snake_case names; explicit input path chunk size thread count and output writer dependencies replace process-global configuration and streams while checked counters and Result-based path parse and writer errors replace implicit failure; word count file-size reporting ordered first-column projection empty fields malformed rows and writer failure are covered by four focused tests; scoped CCC reports zero missing and zero partial/stubs with no manual mappings
diamond/src/contrib/dna/setup.cpp,src/dna/setup.rs + src/dna/mod.rs,translated,the sensitivity trait table shape-code table and setup_search routine are mirrored under the DNA hierarchy with systematic snake_case naming; typed Sensitivity keys and explicit DnaSearchConfig and shape length replace process globals while preserving all six supported modes option overrides trait defaults and scaled chain penalties; four focused tests cover every table row shape code overrides defaults and unsupported sensitivities; scoped CCC reports zero missing and zero partial/stubs
diamond/src/contrib/dna/smith_watermann.cpp,src/dna/smith_watermann.rs + src/dna/build_score.rs + src/dna/mod.rs,translated,all three scoring_function dynamic_programm and local_alignment routines are mirrored under the DNA hierarchy with systematic snake_case names; slices owned matches and an explicit Blastn_Score dependency replace sequence sets and process configuration while preserving the source affine-gap recurrence target payload raw score bit score and E-value construction; the audit repaired the prior adapter which discarded target sequences and left bit scores and E-values at defaults; four focused tests cover equality mismatch gaps multiple targets payloads and statistical scores; scoped CCC reports zero missing and zero partial/stubs
diamond/src/contrib/dna/build_score.cpp,src/dna/build_score.rs + src/lib/blast/blastn_score.rs + src/dna/mod.rs,translated,all constructor score-conversion length-adjustment expected-HSP and destructor behavior plus header accessors are represented with systematic snake_case entry points and retained compatibility aliases; the source constructor now derives Karlin-Altschul parameters from the audited vendored nucleotide gap tables and rejects unsupported schemes while an explicit new_with_parameters adapter supports deterministic unit tests; owned scalar state and Drop replace the BLAST score-block allocation lifecycle; the audit repaired the prior implementation which required callers to inject lambda K and H manually; four focused tests cover accessors exact formulas table-driven construction and rejection; scoped CCC with the genuine overload mapping reports zero missing and zero partial/stubs
diamond/src/contrib/dna/alignment.cpp,src/dna/alignment.rs + src/dna/build_score.rs + src/dna/mod.rs,translated,all five KSW CIGAR WFA extension WFA global WFA CIGAR and HSP construction routines plus the complete header Cigar and status surface are represented with systematic snake_case names; a safe scalar affine-gap backend replaces the external SIMD KSW2 and WFA libraries while preserving anchored-extension versus end-to-end selection banding CIGAR scoring left reversal extension distances negative-score handling and match construction; explicit scoring and max-E-value dependencies replace process globals and HSP construction now computes the previously omitted bit score and E-value before applying the source early filter; six focused tests cover the Cigar API parser failures left reversal both alignment modes banded entry modes negative scores and full HSP fields; scoped CCC reports zero missing and zero partial/stubs
diamond/src/tools/benchmark_swipe.cpp,src/tools/benchmark_swipe.rs + src/tools/mod.rs,translated,both architecture-conditional update_row and swipe_cell_update microbenchmark routines are represented with systematic snake_case names; a portable sixteen-lane saturating cell workload replaces the compile-dispatch SIMD types while explicit iteration count and deterministic seed replace the hard-coded million rounds and global rand state and an observable checksum replaces volatile field reads; initialized gap vectors remove the source benchmark's default-construction ambiguity while preserving the 256-residue 32-row profile and per-lane update workload; two focused tests cover initialized recurrence state deterministic output and exact cell-update accounting; scoped CCC reports zero missing and zero partial/stubs
diamond/src/tools/roc.cpp,src/tools/roc.rs + src/tools/mod.rs,translated,all sixteen mapping histogram query classification accumulation worker and roc command routines are represented with systematic snake_case names; owned RocConfig mappings registries histogram and per-run state replace mutable process globals queues locks and atomics while deterministic grouped processing preserves accession normalization family and fold identities family caps duplicate suppression reverse and forward false positives hit emission AUC1 cumulative ROC bins and reporting counts; checked parsing and E-value validation replace unchecked token and index behavior and the path wrapper retains file-backed command use; four focused tests cover mapping normalization registry identity zero and finite bins aggregation same-family hits fold false positives duplicates AUC and output; scoped CCC reports zero missing and no semantic stubs with the empty default FamilyMapping constructor triggering one expected structural LOC heuristic
diamond/src/contrib/dna/chain.cpp,src/dna/chain.rs + src/dna/seed_set_dna.rs + src/dna/mod.rs,translated,all six implementation routines and the complete header-defined chaining parameter anchor chain overlap mapping-quality ordering and score-index surface are mirrored with systematic snake_case names; slices vectors checked empty-input handling and an explicit best_hsp_only parameter replace pointer ranges and the process global while preserving score penalties skip heuristics predecessor tracking backtracking primary detection target cutoffs and approximate logarithms; six focused tests cover ordering cutoff selection overlap quality invalid and penalized edges predecessor backtracking and full dynamic chaining; scoped CCC reports zero missing and zero partial/stubs
diamond/src/contrib/dna/seed_set_dna.cpp,src/dna/seed_set_dna.rs + src/dna/mod.rs,translated,both seed_lookup and the SeedMatch constructor are mirrored under the DNA hierarchy with systematic snake_case names; slices borrowed target storage and explicit shape and reduction dependencies replace Sequence copying mutable target access pointer ranges and the process-global first shape while preserving minimizer iteration indexed duplicate expansion global-to-local target positions and shape-length score initialization; the audit repaired short-query handling that previously indexed beyond the query and changed the invalid total ordering into the source partial greater-than relation; four focused tests cover hit expansion missing and short queries accessors score updates start positions and comparison semantics; scoped CCC reports zero missing and zero partial/stubs with no manual mappings
diamond/src/contrib/dna/dna_index.cpp,src/dna/dna_index.rs + src/dna/mod.rs,translated,all eight constructor contains count_worker count_minimizers index_worker build_index filter_worker and filter_repetitive routines plus destructor ownership are mirrored under the DNA hierarchy with systematic snake_case names; owned partition vectors and automatic Drop replace the SeedArray hash-table and reference-buffer pointer lifecycle while explicit seed partition bits and repetitive cutoff replace process configuration and sequential partition dispatch preserves the source worker semantics; sorting distinct-minimizer counts strict below-cutoff indexing top-N repetitive selection empty partitions missing keys and grouped lookup slices are covered by four focused tests; scoped CCC reports zero missing and zero partial/stubs with no manual mappings
diamond/src/contrib/dna/extension_chain.cpp,src/dna/extension_chain.rs + src/dna/mod.rs,translated,all seven compute_residue_matches_of_chain build_map_hsp extend_new_at_peak extend_between_anchors extend_chains compute_chains and chaining_and_extension routines are mirrored under the DNA hierarchy with systematic snake_case names; explicit ChainExtensionConfig seed-hit chains query orientations target sequences and scoring dependencies replace process globals index lookup and timers while preserving left and right extension inter-anchor global alignment anchor overlap gap scoring peak-score restart E-value filtering overlap suppression best-HSP selection chain filtering and mapping-only output; the audit repaired the prior implementation whose non-mapping branch always returned an empty Match and corrected chain_fraction_align from integer to floating-point semantics; eight focused tests pass cargo check is green and scoped CCC reports zero missing and zero partial/stubs with no manual mappings
diamond/src/contrib/dna/extension_seed_matches.cpp,src/dna/extension_seed_matches.rs + src/dna/mod.rs,translated,all three extend_seeds_ungapped compare_by_target_and_diagonal and merge_and_extend_seeds routines are mirrored under the DNA hierarchy with systematic snake_case names; slices and explicit target collections and k-mer size replace pointer ranges target-block configuration and the global shape table while preserving target-and-diagonal ordering same-diagonal containment suppression bidirectional exact-match extension endpoint coordinates scores and target grouping; four focused tests cover left and right extension containment suppression comparator ordering and unsorted multi-target grouping; scoped CCC reports zero missing and zero partial/stubs with no manual mappings
diamond/src/contrib/dna/extension.cpp,src/dna/extension.rs + src/dna/mod.rs,translated,all nine ExtendedSeed intersection KswCigar and WfaCigar constructors both cigar_to_hsp overloads target_extension query_extension and extend routines are mirrored under the DNA hierarchy with systematic snake_case names; the audited scalar affine KSW and WFA backend Rust ownership explicit ExtensionConfig dependencies and chaining callback replace native library allocation thread-local aligner pointers process globals timers and Search Config ownership while preserving scoring CIGAR direction and concatenation full-query fast paths bit scores E-values overlap suppression target grouping forward and reverse-complement passes and long-read dispatch; the audit filled the previously absent constructors and orchestration surface; eight focused tests cover enum conversion intersections both CIGAR engines CIGAR-to-HSP conversion gap transcripts full-query filtering target grouping two-strand extension and chaining dispatch; scoped CCC reports zero missing and zero partial/stubs with two audited mappings for the constructor and overload
diamond/src/contrib/mcl/clustering_variables.cpp,src/mcl/clustering_variables.rs + src/mcl/mod.rs + src/lib.rs,translated,the process-wide static registry and all header-defined Variable metadata 21 numeric HSP properties ordered key lookup presence checks unknown-variable failure constructor and destructor ownership are mirrored under the contrib MCL hierarchy with systematic snake_case names; immutable function-pointer entries BTreeMap automatic ownership LazyLock initialization and an explicit translated-query mode replace virtual subclasses std::map raw allocations static initialization and the alignment-mode process global while preserving every source formula required HSP value mask output flag lexicographic key order one-based endpoints and floating-point edge behavior; four focused tests cover all formulas all keys mode-sensitive frames metadata lookup errors and zero-denominator NaNs; scoped CCC on the implementation file reports zero missing and zero partial/stubs with no manual mappings and the inline header surface was audited manually
diamond/src/contrib/mcl/clustering_format.cpp,src/mcl/clustering_format.rs + src/mcl/recursive_parser.rs + src/mcl/mod.rs,translated,all three implementation functions plus both format constructors clone semantics and the complete inline RecursiveParser header are represented with systematic snake_case APIs; explicit output buffers parse errors and translated-query mode replace global Output Info unchecked pointer parsing and alignment globals while preserving native binary records expression precedence functions indicators variable discovery metadata and the source decimal-divisor quirk; five focused tests cover grammar relations duplicate requirements cleaning failures clustering records and bin1 filtering; scoped CCC reports zero missing and zero partial functions
diamond/src/contrib/mcl/mcl.cpp,src/mcl/mcl.rs + src/mcl/mod.rs,translated,all six implementation functions and all nine textually included dense.h and sparse.h matrix functions are represented under the MCL hierarchy; owned dense and sparse matrices nalgebra complex eigendecomposition explicit graph and configuration inputs deterministic component ownership and Result errors replace Eigen raw arrays atomics process globals file-backed search dispatch and manual thread allocation while preserving graph defaults symmetric construction sparse integer expansion dense fractional expansion column inflation epsilon pruning convergence disconnected-component ordering attractor and singleton masks sequence identifiers and statistics; five focused tests cover dense-sparse agreement fractional powers graph defaults matrix clearing end-to-end component labels and the sparse fractional-power error; scoped CCC reports zero missing with the expanded statistics implementation and no semantic stubs
diamond/src/tools/benchmark.cpp,src/tools/benchmark.rs + src/tools/benchmark_swipe.rs + src/tools/mod.rs,translated,all thirteen active functions and the architecture-conditional workloads are represented with systematic snake_case names explicit iteration thread channel and injected-kernel dependencies; scalar transpose padding exact bundled protein sequences workload cell counts six swipe modes banded and anchored modes diagonal scoring E-value accumulation the swipe shortcut and the source commented no-op paths are preserved while returned checksums prevent optimization and replace unstable console timing side effects; four focused tests cover transpose padding exact work accounting full driver dispatch and commented no-ops; scoped CCC reports zero missing with the intentionally empty SIMD loop triggering only the expected structural LOC heuristic
